{"IcoMoonType":"selection","icons":[{"icon":{"paths":["M1024 76.8l-874.667 428.8v-441.6h-149.333v896h149.333v-428.8l874.667 428.8z"],"attrs":[{}],"isMulticolor":false,"isMulticolor2":false,"grid":0,"tags":["mm-iconplayer-previous"]},"attrs":[{}],"properties":{"order":16,"id":3,"name":"mm-iconplayer-previous","prevSize":32,"code":59648},"setIdx":0,"setId":2,"iconIdx":0},{"icon":{"paths":["M85.333 64h298.667v896h-298.667v-896z","M640 64h298.667v896h-298.667v-896z"],"attrs":[{},{}],"isMulticolor":false,"isMulticolor2":false,"grid":0,"tags":["mm-iconplayer-pause"]},"attrs":[{},{}],"properties":{"order":17,"id":4,"name":"mm-iconplayer-pause","prevSize":32,"code":59649},"setIdx":0,"setId":2,"iconIdx":1},{"icon":{"paths":["M874.667 64v428.8l-874.667-428.8v883.2l874.667-428.8v441.6h149.333v-896z"],"attrs":[{}],"isMulticolor":false,"isMulticolor2":false,"grid":0,"tags":["mm-iconplayer-next"]},"attrs":[{}],"properties":{"order":15,"id":5,"name":"mm-iconplayer-next","prevSize":32,"code":59650},"setIdx":0,"setId":2,"iconIdx":2},{"icon":{"paths":["M910.933 247.467l66.133-66.133-302.933-83.2 81.067 305.067 74.667-74.667c29.867 53.333 46.933 117.333 46.933 183.467 0 209.067-170.667 379.733-379.733 379.733s-377.6-170.667-377.6-379.733 170.667-379.733 379.733-379.733c4.267 0 8.533 0 12.8 0v-110.933c-4.267 0-8.533 0-12.8 0-270.933 0-490.667 219.733-490.667 490.667s219.733 490.667 490.667 490.667 490.667-219.733 490.667-490.667c0-98.133-29.867-187.733-78.933-264.533z"],"attrs":[{}],"isMulticolor":false,"isMulticolor2":false,"grid":0,"tags":["mm-iconplayer-repeat"]},"attrs":[{}],"properties":{"order":18,"id":2,"name":"mm-iconplayer-repeat","prevSize":32,"code":59651},"setIdx":0,"setId":2,"iconIdx":3},{"icon":{"paths":["M870.4 776.533l-234.667-260.267 236.8-268.8 78.933 68.267 61.867-307.2-296.533 102.4 78.933 68.267-230.4 260.267-324.267-356.267c-8.533-12.8-23.467-19.2-38.4-19.2h-181.333v106.667h157.867l315.733 347.733-315.733 356.267h-157.867v106.667h181.333c14.933 0 29.867-6.4 38.4-17.067l324.267-366.933 226.133 251.733-76.8 68.267 298.667 96-66.133-305.067-76.8 68.267z"],"attrs":[{}],"isMulticolor":false,"isMulticolor2":false,"grid":0,"tags":["mm-iconplayer-shuffle"]},"attrs":[{}],"properties":{"order":19,"id":1,"name":"mm-iconplayer-shuffle","prevSize":32,"code":59652},"setIdx":0,"setId":2,"iconIdx":4},{"icon":{"paths":["M341.333 277.333h-298.667v469.333h298.667l256 213.333v-896z","M768 0h170.667v1024h-170.667v-1024z"],"attrs":[{},{}],"isMulticolor":false,"isMulticolor2":false,"grid":0,"tags":["mm-iconplayer-volume"]},"attrs":[{},{}],"properties":{"order":20,"id":0,"name":"mm-iconplayer-volume","prevSize":32,"code":59653},"setIdx":0,"setId":2,"iconIdx":5},{"icon":{"paths":["M0 789.333h1024v170.667h-1024v-170.667z","M0 85.333h1024v170.667h-1024v-170.667z","M0 437.333h1024v170.667h-1024v-170.667z"],"attrs":[{},{},{}],"isMulticolor":false,"isMulticolor2":false,"grid":0,"tags":["mm-iconplayer-hamburger"]},"attrs":[{},{},{}],"properties":{"order":14,"id":6,"name":"mm-iconplayer-hamburger","prevSize":32,"code":59654},"setIdx":0,"setId":2,"iconIdx":6}],"height":1024,"metadata":{"name":"icomoon"},"preferences":{"showGlyphs":true,"showQuickUse":true,"showQuickUse2":true,"showSVGs":true,"fontPref":{"prefix":"icon-","metadata":{"fontFamily":"icomoon"},"metrics":{"emSize":1024,"baseline":6.25,"whitespace":50},"embed":false},"imagePref":{"prefix":"icon-","png":true,"useClassSelector":true,"color":0,"bgColor":16777215,"classSelector":".icon"},"historySize":50,"showCodes":true,"gridSize":16}}